sub-10001	ses-1
sub-10001	ses-2
sub-10612	ses-1
sub-10615	ses-1
sub-10615	ses-2
sub-10617	ses-2
sub-10618	ses-1
sub-10618	ses-2
sub-10620	ses-1
sub-10620	ses-2
sub-10621	ses-1
sub-10622	ses-1
sub-10624	ses-2
sub-10627	ses-1
sub-10627	ses-2
sub-10628	ses-2
sub-10631	ses-1
sub-10631	ses-2
sub-10632	ses-1
sub-10632	ses-2
sub-10634	ses-1
sub-10634	ses-2
sub-10637	ses-1
sub-10643	ses-1
sub-10643	ses-2
sub-10644	ses-1
sub-10644	ses-2
sub-10646	ses-1
sub-10646	ses-2
sub-10648	ses-1
sub-10648	ses-2
sub-10649	ses-1
sub-10650	ses-1
sub-10650	ses-2
sub-10651	ses-1
sub-10651	ses-2
sub-10654	ses-1
sub-10654	ses-2
sub-10655	ses-1
sub-10655	ses-2
sub-10657	ses-1
sub-10659	ses-1
sub-10659	ses-2
sub-10662	ses-1
sub-10662	ses-2
sub-10665	ses-1
sub-10665	ses-2
sub-10667	ses-1
sub-10667	ses-2
sub-10671	ses-1
sub-10671	ses-2
sub-10675	ses-1
sub-10675	ses-2
sub-10676	ses-1
sub-10680	ses-1
sub-10683	ses-1
sub-10683	ses-2
sub-10684	ses-1
sub-10684	ses-2
sub-10685	ses-1
sub-10685	ses-2
sub-10686	ses-1
sub-10687	ses-1
sub-10693	ses-1
sub-10693	ses-2
sub-10694	ses-1
sub-10695	ses-1
sub-10695	ses-2
sub-10698	ses-1
sub-10698	ses-2
sub-10700	ses-1
sub-10700	ses-2
sub-10701	ses-1
sub-10701	ses-2
sub-10703	ses-1
sub-10703	ses-2
sub-10710	ses-1
sub-10710	ses-2
sub-10712	ses-1
sub-10712	ses-2
sub-10713	ses-1
sub-10718	ses-1
sub-10718	ses-2
sub-10730	ses-1
sub-10740	ses-1
sub-10744	ses-1
sub-10744	ses-2
sub-10745	ses-1
sub-10746	ses-1
sub-10746	ses-2
sub-10747	ses-1
sub-10749	ses-1
sub-10749	ses-2
sub-10751	ses-1
sub-10753	ses-1
sub-10754	ses-1
sub-10754	ses-2
sub-10758	ses-1
sub-10761	ses-1
sub-10761	ses-2
sub-10762	ses-1
sub-10762	ses-2
sub-10763	ses-1
sub-10766	ses-1
sub-10766	ses-2
sub-10772	ses-1
sub-10772	ses-2
sub-10773	ses-1
sub-10773	ses-2
sub-10774	ses-1
sub-10779	ses-1
sub-10781	ses-1
sub-10782	ses-1
sub-10785	ses-1
sub-10785	ses-2
sub-10786	ses-1
sub-10786	ses-2
sub-10787	ses-1
sub-10787	ses-2
sub-10788	ses-1
sub-10788	ses-2
sub-10790	ses-1
sub-10790	ses-2
sub-10791	ses-1
sub-10791	ses-2
sub-10792	ses-1
sub-10794	ses-1
sub-10794	ses-2
sub-10798	ses-1
sub-10798	ses-2
sub-10800	ses-1
sub-10806	ses-1
sub-10808	ses-1
sub-10808	ses-2
sub-10814	ses-1
sub-10814	ses-2
sub-10819	ses-1
sub-10819	ses-2
sub-10820	ses-1
sub-10821	ses-1
sub-10824	ses-1
sub-10824	ses-2
sub-10825	ses-1
sub-10825	ses-2
sub-10826	ses-1
sub-10826	ses-2
sub-10827	ses-2
sub-10829	ses-1
sub-10829	ses-2
sub-10830	ses-1
sub-10830	ses-2
sub-10832	ses-1
sub-10832	ses-2
sub-10835	ses-2
sub-10841	ses-1
sub-10841	ses-2
sub-10845	ses-1
sub-10845	ses-2
sub-10849	ses-1
sub-10849	ses-2
sub-10853	ses-2
sub-10856	ses-1
sub-10860	ses-1
sub-10860	ses-2
sub-10867	ses-1
sub-10869	ses-1
sub-10869	ses-2
sub-10873	ses-1
sub-10875	ses-1
sub-10881	ses-1
sub-10884	ses-1
sub-10890	ses-1
sub-10890	ses-2
sub-10891	ses-1
sub-10893	ses-1
sub-10903	ses-1
sub-10903	ses-2
sub-10917	ses-1
sub-10917	ses-2
sub-10921	ses-1
sub-10925	ses-1
sub-10928	ses-1
sub-10928	ses-2
sub-10930	ses-1
sub-10934	ses-1
sub-10936	ses-1
sub-10950	ses-1
sub-10951	ses-1
sub-10960	ses-1
sub-10961	ses-1
sub-10961	ses-2
sub-10963	ses-1
sub-10963	ses-2
sub-10969	ses-1
sub-10970	ses-1
sub-10970	ses-2
sub-10973	ses-1
sub-10973	ses-2
sub-10979	ses-1
sub-10979	ses-2
sub-10981	ses-1
sub-10981	ses-2
sub-10984	ses-1
sub-10984	ses-2
sub-10987	ses-1
sub-10990	ses-1
sub-10990	ses-2
sub-11003	ses-1
sub-11004	ses-1
sub-11004	ses-2
sub-11005	ses-1
sub-11005	ses-2
sub-11014	ses-1
sub-11018	ses-1
sub-11021	ses-1
sub-11030	ses-1
sub-11030	ses-2
sub-11038	ses-1
sub-11038	ses-2
sub-11039	ses-1
sub-11044	ses-1
sub-11054	ses-1
sub-11058	ses-1
sub-11058	ses-2
sub-11063	ses-2
sub-11065	ses-2
sub-11106	ses-1
sub-11115	ses-1
sub-11115	ses-2
sub-11120	ses-1
sub-11122	ses-1
sub-11122	ses-2
sub-11133	ses-1
sub-11144	ses-1
sub-11144	ses-2
sub-11149	ses-1
sub-11149	ses-2
sub-11150	ses-1
sub-11150	ses-2
sub-11156	ses-1
sub-11156	ses-2
sub-11159	ses-1
sub-11159	ses-2
sub-11160	ses-1
sub-11161	ses-1
sub-11161	ses-2
sub-11165	ses-1
sub-11170	ses-1
sub-11170	ses-2
sub-11171	ses-1
sub-11171	ses-2
sub-11173	ses-1
sub-11197	ses-1
sub-11207	ses-1
sub-11207	ses-2
sub-11210	ses-1
sub-11210	ses-2
sub-11227	ses-2
sub-11239	ses-1
sub-11244	ses-2
sub-11325	ses-2
sub-11329	ses-2
sub-11455	ses-2
sub-11477	ses-2
sub-11619	ses-2
sub-11723	ses-2
sub-11756	ses-2
sub-11830	ses-2
sub-11843	ses-2
sub-11914	ses-2
sub-20004	ses-1
sub-20004	ses-2
sub-20006	ses-1
sub-20006	ses-2
sub-20008	ses-1
sub-20008	ses-2
sub-20013	ses-1
sub-20013	ses-2
sub-20014	ses-1
sub-20014	ses-2
sub-20016	ses-2
sub-20018	ses-2
sub-20025	ses-1
sub-20032	ses-1
sub-20032	ses-2
sub-20035	ses-1
sub-20035	ses-2
sub-20040	ses-1
sub-20041	ses-1
sub-20041	ses-2
sub-20043	ses-1
sub-20043	ses-2
sub-20046	ses-1
sub-20047	ses-1
sub-20047	ses-2
sub-20048	ses-1
sub-20048	ses-2
sub-20050	ses-1
sub-20054	ses-1
sub-20054	ses-2
sub-20062	ses-1
sub-20065	ses-1
sub-20065	ses-2
sub-20067	ses-1
sub-20067	ses-2
sub-20071	ses-1
sub-20071	ses-2
sub-20072	ses-1
sub-20072	ses-2
sub-20073	ses-1
sub-20073	ses-2
sub-20076	ses-2
sub-20080	ses-1
sub-20080	ses-2
sub-20082	ses-1
sub-20082	ses-2
sub-20083	ses-1
sub-20085	ses-1
sub-20088	ses-1
sub-20089	ses-1
sub-20091	ses-1
sub-20091	ses-2
sub-20092	ses-2
sub-20094	ses-1
sub-20094	ses-2
sub-20095	ses-1
sub-20095	ses-2
sub-20096	ses-1
sub-20096	ses-2
sub-20097	ses-1
sub-20097	ses-2
sub-20099	ses-1
sub-20105	ses-1
sub-20105	ses-2
sub-20119	ses-1
sub-20122	ses-1
sub-20130	ses-1
sub-20130	ses-2
sub-20136	ses-1
sub-20139	ses-1
sub-20141	ses-1
sub-20146	ses-1
sub-20146	ses-2
sub-20149	ses-1
sub-20149	ses-2
sub-20150	ses-1
sub-20150	ses-2
sub-20151	ses-1
sub-20157	ses-1
sub-20157	ses-2
sub-20160	ses-1
sub-20160	ses-2
sub-20161	ses-1
sub-20162	ses-1
sub-20163	ses-1
sub-20163	ses-2
sub-20168	ses-1
sub-20168	ses-2
sub-20170	ses-1
sub-20170	ses-2
sub-20171	ses-1
sub-20172	ses-1
sub-20172	ses-2
sub-20178	ses-1
sub-20178	ses-2
sub-20182	ses-1
sub-20182	ses-2
sub-20184	ses-2
sub-20191	ses-1
sub-20193	ses-1
sub-20195	ses-1
sub-20195	ses-2
sub-20198	ses-1
sub-20198	ses-2
sub-20204	ses-1
sub-20208	ses-1
sub-20210	ses-1
sub-20212	ses-1
sub-20213	ses-2
sub-20214	ses-1
sub-20214	ses-2
sub-20215	ses-1
sub-20215	ses-2
sub-20221	ses-1
sub-20222	ses-1
sub-20228	ses-1
sub-20228	ses-2
sub-20230	ses-1
sub-20230	ses-2
sub-20231	ses-1
sub-20231	ses-2
sub-20232	ses-1
sub-20237	ses-1
sub-20245	ses-1
sub-20245	ses-2
sub-20253	ses-1
sub-20255	ses-1
sub-20255	ses-2
sub-20263	ses-1
sub-20263	ses-2
sub-20266	ses-1
sub-20270	ses-2
sub-20271	ses-1
sub-20274	ses-1
sub-20277	ses-1
sub-20279	ses-1
sub-20279	ses-2
sub-20284	ses-1
sub-20284	ses-2
sub-20286	ses-1
sub-20290	ses-1
sub-20290	ses-2
sub-20291	ses-1
sub-20292	ses-1
sub-20293	ses-1
sub-20293	ses-2
sub-20294	ses-1
sub-20295	ses-1
sub-20295	ses-2
sub-20296	ses-1
sub-20296	ses-2
sub-20298	ses-1
sub-20301	ses-1
sub-20302	ses-1
sub-20302	ses-2
sub-20303	ses-1
sub-20306	ses-1
sub-20306	ses-2
sub-20308	ses-1
sub-20311	ses-1
sub-20311	ses-2
sub-20312	ses-1
sub-20320	ses-1
sub-20321	ses-1
sub-20322	ses-1
sub-20322	ses-2
sub-20323	ses-1
sub-20324	ses-1
sub-203262	ses-2
sub-20326	ses-1
sub-20326	ses-2
sub-20329	ses-1
sub-20329	ses-2
sub-20331	ses-1
sub-20331	ses-2
sub-20332	ses-1
sub-20332	ses-2
sub-20336	ses-1
sub-20336	ses-2
sub-20338	ses-1
sub-20338	ses-2
sub-20340	ses-1
sub-203432	ses-2
sub-20343	ses-1
sub-20343	ses-2
sub-20350	ses-1
sub-20355	ses-1
sub-20360	ses-1
sub-20361	ses-1
sub-20361	ses-2
sub-20365	ses-1
sub-20365	ses-2
sub-20366	ses-1
sub-20366	ses-2
sub-20369	ses-1
sub-20369	ses-2
sub-20372	ses-1
sub-20372	ses-2
sub-20373	ses-1
sub-20376	ses-1
sub-20377	ses-1
sub-20378	ses-1
sub-20378	ses-2
sub-20380	ses-1
sub-20381	ses-1
sub-20382	ses-1
sub-20382	ses-2
sub-20383	ses-1
sub-20386	ses-1
sub-20386	ses-2
sub-20388	ses-1
sub-20388	ses-2
sub-20391	ses-1
sub-20395	ses-1
sub-20396	ses-1
sub-20400	ses-1
sub-20400	ses-2
sub-20406	ses-1
sub-20409	ses-1
sub-20409	ses-2
sub-20414	ses-1
sub-20415	ses-2
sub-20417	ses-1
sub-20417	ses-2
sub-20420	ses-1
sub-20422	ses-1
sub-20429	ses-1
sub-20430	ses-1
sub-20430	ses-2
sub-20431	ses-1
sub-20437	ses-1
sub-20442	ses-1
sub-20442	ses-2
sub-20445	ses-1
sub-20446	ses-1
sub-20446	ses-2
sub-20451	ses-1
sub-20453	ses-1
sub-20453	ses-2
sub-20456	ses-2
sub-20460	ses-1
sub-20461	ses-1
sub-20461	ses-2
sub-20466	ses-1
sub-20466	ses-2
sub-20467	ses-1
sub-20467	ses-2
sub-20469	ses-1
sub-20474	ses-1
sub-20474	ses-2
sub-20480	ses-1
sub-20482	ses-1
sub-20482	ses-2
sub-20487	ses-1
sub-20487	ses-2
sub-20489	ses-1
sub-20489	ses-2
sub-20491	ses-1
sub-20492	ses-1
sub-20494	ses-1
sub-20502	ses-1
sub-20503	ses-1
sub-20503	ses-2
sub-20504	ses-1
sub-20505	ses-1
sub-20505	ses-2
sub-20512	ses-1
sub-20512	ses-2
sub-20514	ses-2
sub-20519	ses-1
sub-20521	ses-1
sub-20525	ses-1
sub-20525	ses-2
sub-20526	ses-1
sub-20528	ses-1
sub-20528	ses-2
sub-20529	ses-1
sub-20529	ses-2
sub-20530	ses-1
sub-20530	ses-2
sub-20532	ses-2
sub-20534	ses-1
sub-20535	ses-1
sub-20539	ses-1
sub-20541	ses-1
sub-20541	ses-2
sub-20544	ses-1
sub-20544	ses-2
sub-20548	ses-1
sub-20550	ses-1
sub-20550	ses-2
sub-20556	ses-2
sub-20567	ses-1
sub-20567	ses-2
sub-20568	ses-1
sub-20571	ses-1
sub-20573	ses-1
sub-20577	ses-1
sub-20577	ses-2
sub-20579	ses-1
sub-20579	ses-2
sub-20580	ses-2
sub-20581	ses-1
sub-20581	ses-2
sub-20583	ses-1
sub-20584	ses-1
sub-20587	ses-1
sub-20587	ses-2
sub-20588	ses-1
sub-20590	ses-1
sub-20590	ses-2
sub-20594	ses-1
sub-20597	ses-1
sub-20602	ses-1
sub-20604	ses-1
sub-20605	ses-1
sub-20605	ses-2
sub-20611	ses-1
sub-20611	ses-2
sub-20613	ses-1
sub-20614	ses-1
sub-20614	ses-2
sub-20615	ses-1
sub-20615	ses-2
sub-20616	ses-1
sub-20620	ses-2
sub-20621	ses-1
sub-20624	ses-1
sub-20624	ses-2
sub-20625	ses-1
sub-20625	ses-2
sub-20626	ses-2
sub-20627	ses-1
sub-20628	ses-1
sub-20639	ses-1
sub-20639	ses-2
sub-20640	ses-1
sub-20640	ses-2
sub-20643	ses-1
sub-20643	ses-2
sub-20647	ses-1
sub-20647	ses-2
sub-20648	ses-1
sub-20648	ses-2
sub-20652	ses-1
sub-20652	ses-2
sub-20653	ses-1
sub-20653	ses-2
sub-20654	ses-1
sub-20654	ses-2
sub-20655	ses-1
sub-20655	ses-2
sub-20662	ses-1
sub-20665	ses-1
sub-20665	ses-2
sub-20667	ses-1
sub-20671	ses-1
sub-20672	ses-1
sub-20672	ses-2
sub-20674	ses-2
sub-20675	ses-1
sub-20678	ses-1
sub-20678	ses-2
sub-20683	ses-1
sub-20688	ses-1
sub-20688	ses-2
sub-20689	ses-1
sub-20689	ses-2
sub-20693	ses-1
sub-20698	ses-1
sub-20698	ses-2
sub-20699	ses-1
sub-20699	ses-2
sub-20700	ses-1
sub-20706	ses-1
sub-20706	ses-2
sub-20714	ses-1
sub-20714	ses-2
sub-20717	ses-1
sub-20719	ses-1
sub-20719	ses-2
sub-20720	ses-1
sub-20725	ses-1
sub-20726	ses-1
sub-20726	ses-2
sub-20727	ses-2
sub-20731	ses-1
sub-20731	ses-2
sub-20733	ses-1
sub-20737	ses-1
sub-20737	ses-2
sub-20738	ses-1
sub-20738	ses-2
sub-20741	ses-1
sub-20744	ses-1
sub-207452	ses-2
sub-20745	ses-1
sub-20745	ses-2
sub-20746	ses-1
sub-20749	ses-1
sub-20749	ses-2
sub-20754	ses-1
sub-20758	ses-1
sub-20760	ses-1
sub-20760	ses-2
sub-20765	ses-1
sub-20765	ses-2
sub-20767	ses-1
sub-20769	ses-1
sub-20769	ses-2
sub-20771	ses-1
sub-20771	ses-2
sub-20772	ses-1
sub-20773	ses-1
sub-20773	ses-2
sub-20780	ses-1
sub-20783	ses-1
sub-20783	ses-2
sub-20793	ses-1
sub-20795	ses-1
sub-20795	ses-2
sub-20799	ses-1
sub-20800	ses-1
sub-20800	ses-2
sub-20803	ses-1
sub-20806	ses-1
sub-20806	ses-2
sub-20811	ses-1
sub-20815	ses-1
sub-20815	ses-2
sub-20816	ses-1
sub-20818	ses-1
sub-20818	ses-2
sub-20826	ses-1
sub-20826	ses-2
sub-20827	ses-1
sub-20833	ses-1
sub-20837	ses-1
sub-20839	ses-1
sub-20839	ses-2
sub-20840	ses-1
sub-20841	ses-1
sub-20844	ses-1
sub-20844	ses-2
sub-20846	ses-1
sub-20846	ses-2
sub-20848	ses-2
sub-20850	ses-1
sub-20852	ses-1
sub-20856	ses-1
sub-20856	ses-2
sub-20857	ses-2
sub-20860	ses-1
sub-20860	ses-2
sub-20868	ses-1
sub-20870	ses-1
sub-20871	ses-1
sub-20871	ses-2
sub-20875	ses-1
sub-20875	ses-2
sub-20877	ses-1
sub-20877	ses-2
sub-20878	ses-1
sub-20878	ses-2
sub-20880	ses-1
sub-20880	ses-2
sub-20882	ses-2
sub-20884	ses-1
sub-20884	ses-2
sub-20887	ses-1
sub-20887	ses-2
sub-20891	ses-1
sub-20892	ses-1
sub-20892	ses-2
sub-20894	ses-1
sub-20894	ses-2
sub-20901	ses-1
sub-20905	ses-1
sub-20905	ses-2
sub-20909	ses-1
sub-20909	ses-2
sub-20911	ses-1
sub-20915	ses-1
sub-20916	ses-1
sub-20916	ses-2
sub-20922	ses-1
sub-20922	ses-2
sub-20923	ses-1
sub-20923	ses-2
sub-20927	ses-1
sub-20930	ses-1
sub-20930	ses-2
sub-20934	ses-1
sub-20935	ses-2
sub-20936	ses-1
sub-20936	ses-2
sub-20939	ses-1
sub-20939	ses-2
sub-20943	ses-1
sub-20943	ses-2
sub-20948	ses-1
sub-20951	ses-1
sub-20954	ses-1
sub-20954	ses-2
sub-20962	ses-1
sub-20963	ses-1
sub-20963	ses-2
sub-20965	ses-1
sub-20965	ses-2
sub-20968	ses-1
sub-20974	ses-1
sub-20974	ses-2
sub-20978	ses-1
sub-20978	ses-2
sub-20980	ses-1
sub-20981	ses-1
sub-20981	ses-2
sub-20982	ses-1
sub-20982	ses-2
sub-20984	ses-1
sub-20985	ses-1
sub-20985	ses-2
sub-20989	ses-1
sub-20991	ses-1
sub-20991	ses-2
sub-20992	ses-1
sub-20995	ses-1
sub-21004	ses-1
sub-21004	ses-2
sub-21006	ses-1
sub-21007	ses-1
sub-21009	ses-1
sub-21009	ses-2
sub-21011	ses-1
sub-21011	ses-2
sub-21012	ses-1
sub-21012	ses-2
sub-21018	ses-1
sub-21021	ses-1
sub-21021	ses-2
sub-21022	ses-1
sub-21022	ses-2
sub-21024	ses-1
sub-21024	ses-2
sub-21031	ses-1
sub-21033	ses-1
sub-21033	ses-2
sub-21039	ses-1
sub-21039	ses-2
sub-21041	ses-1
sub-21041	ses-2
sub-21042	ses-1
sub-21043	ses-1
sub-21044	ses-1
sub-21044	ses-2
sub-21052	ses-1
sub-21053	ses-1
sub-21055	ses-1
sub-21055	ses-2
sub-21056	ses-2
sub-21059	ses-1
sub-21059	ses-2
sub-21061	ses-2
sub-21062	ses-1
sub-21065	ses-1
sub-21069	ses-1
sub-21070	ses-1
sub-21070	ses-2
sub-21074	ses-1
sub-21074	ses-2
sub-21075	ses-1
sub-21077	ses-1
sub-21077	ses-2
sub-21078	ses-1
sub-21078	ses-2
sub-21080	ses-2
sub-21082	ses-1
sub-21083	ses-1
sub-21083	ses-2
sub-21084	ses-1
sub-21085	ses-1
sub-21090	ses-1
sub-21090	ses-2
sub-21092	ses-1
sub-21093	ses-1
sub-21101	ses-1
sub-21106	ses-1
sub-21106	ses-2
sub-21108	ses-1
sub-21110	ses-1
sub-21115	ses-1
sub-21117	ses-1
sub-21120	ses-1
sub-21120	ses-2
sub-21125	ses-1
sub-21125	ses-2
sub-21133	ses-1
sub-21133	ses-2
sub-21134	ses-1
sub-21138	ses-2
sub-21145	ses-2
sub-21153	ses-2
sub-21155	ses-1
sub-21155	ses-2
sub-21164	ses-1
sub-21165	ses-1
sub-21166	ses-1
sub-21166	ses-2
sub-21171	ses-1
sub-21177	ses-1
sub-21178	ses-1
sub-21243	ses-2
sub-21272	ses-2
sub-21313	ses-2
sub-21319	ses-2
sub-21341	ses-2
sub-21362	ses-2
sub-21424	ses-2
sub-21434	ses-2
sub-21474	ses-2
sub-21510	ses-2
sub-21534	ses-2
sub-21583	ses-2
sub-21598	ses-2
sub-21674	ses-2
sub-21713	ses-2
sub-21714	ses-2
sub-21755	ses-2
sub-21773	ses-2
sub-21838	ses-2
sub-21841	ses-2
sub-21857	ses-2
sub-21858	ses-2
sub-21913	ses-2
sub-21927	ses-2
