image_path,,,,,,
sub-NDARBM490LK7/ses-HBNsiteRU/dwi/sub-NDARBM490LK7_ses-HBNsiteRU_acq-64dir_dwi.nii.gz,,,,,,
sub-NDARBR128UFP/ses-HBNsiteCBIC/dwi/sub-NDARBR128UFP_ses-HBNsiteCBIC_acq-64dir_dwi.nii.gz,,,,,,
sub-NDAREC078VFT/ses-HBNsiteRU/dwi/sub-NDAREC078VFT_ses-HBNsiteRU_acq-64dir_dwi.nii.gz,,,,,,
sub-NDARFG568PXZ/ses-HBNsiteRU/dwi/sub-NDARFG568PXZ_ses-HBNsiteRU_acq-64dir_dwi.nii.gz,,,,,,
sub-NDARGK253TTG/ses-HBNsiteRU/dwi/sub-NDARGK253TTG_ses-HBNsiteRU_acq-64dir_dwi.nii.gz,,,,,,
sub-NDARJZ167VEZ/ses-HBNsiteCBIC/dwi/sub-NDARJZ167VEZ_ses-HBNsiteCBIC_acq-64dir_dwi.nii.gz,,,,,,
sub-NDARLB671TLU/ses-HBNsiteRU/dwi/sub-NDARLB671TLU_ses-HBNsiteRU_acq-64dir_dwi.nii.gz,,,,,,
sub-NDARLY872ZXA/ses-HBNsiteRU/dwi/sub-NDARLY872ZXA_ses-HBNsiteRU_acq-64dir_dwi.nii.gz,,,,,,
sub-NDARRK038CBD/ses-HBNsiteCBIC/dwi/sub-NDARRK038CBD_ses-HBNsiteCBIC_acq-64dir_dwi.nii.gz,,,,,,
sub-NDARRU499DP2/ses-HBNsiteRU/dwi/sub-NDARRU499DP2_ses-HBNsiteRU_acq-64dir_dwi.nii.gz,,,,,,
sub-NDARVP285RXV/ses-HBNsiteRU/dwi/sub-NDARVP285RXV_ses-HBNsiteRU_acq-64dir_dwi.nii.gz,,,,,,
sub-NDARWE130JMG/ses-HBNsiteRU/dwi/sub-NDARWE130JMG_ses-HBNsiteRU_acq-64dir_dwi.nii.gz,,,,,,
sub-NDARWK051GG4/ses-HBNsiteRU/dwi/sub-NDARWK051GG4_ses-HBNsiteRU_acq-64dir_dwi.nii.gz,,,,,,
sub-NDARYF272EDC/ses-HBNsiteCBIC/dwi/sub-NDARYF272EDC_ses-HBNsiteCBIC_acq-64dir_dwi.nii.gz,,,,,,
sub-NDARYZ906UHJ/ses-HBNsiteRU/dwi/sub-NDARYZ906UHJ_ses-HBNsiteRU_acq-64dir_dwi.nii.gz,,,,,,
sub-NDARZW662UK6/ses-HBNsiteRU/dwi/sub-NDARZW662UK6_ses-HBNsiteRU_acq-64dir_dwi.nii.gz,,,,,,
sub-NDARDT800YVF/ses-HBNsiteSI/dwi/sub-NDARDT800YVF_ses-HBNsiteSI_acq-64dir_dwi.nii.gz,,,,,,
sub-NDARHP656DLC/ses-HBNsiteSI/dwi/sub-NDARHP656DLC_ses-HBNsiteSI_acq-64dir_dwi.nii.gz,,,,,,
sub-NDARRL426AD5/ses-HBNsiteCBIC/dwi/sub-NDARRL426AD5_ses-HBNsiteCBIC_acq-64dir_dwi.nii.gz,,,,,,
sub-NDARWZ346RV4/ses-HBNsiteCBIC/dwi/sub-NDARWZ346RV4_ses-HBNsiteCBIC_acq-64dir_dwi.nii.gz,,,,,,
sub-NDARXV291ATY/ses-HBNsiteCBIC/dwi/sub-NDARXV291ATY_ses-HBNsiteCBIC_acq-64dir_dwi.nii.gz,,,,,,
sub-NDARDJ825GBP/ses-HBNsiteSI/dwi/sub-NDARDJ825GBP_ses-HBNsiteSI_acq-64dir_dwi.nii.gz,,,,,,
sub-NDARJX421FWR/ses-HBNsiteSI/dwi/sub-NDARJX421FWR_ses-HBNsiteSI_acq-64dir_dwi.nii.gz,,,,,,
sub-NDARJL656RDA/ses-HBNsiteCBIC/dwi/sub-NDARJL656RDA_ses-HBNsiteCBIC_acq-64dir_dwi.nii.gz,,,,,,
sub-NDARHG906MEZ/ses-HBNsiteCBIC/dwi/sub-NDARHG906MEZ_ses-HBNsiteCBIC_acq-64dir_dwi.nii.gz,,,,,,
sub-NDARFR103CUN/ses-HBNsiteCBIC/dwi/sub-NDARFR103CUN_ses-HBNsiteCBIC_acq-64dir_dwi.nii.gz,,,,,,
sub-NDARFM229HHA/ses-HBNsiteCBIC/dwi/sub-NDARFM229HHA_ses-HBNsiteCBIC_acq-64dir_dwi.nii.gz,,,,,,
sub-NDAREK918EC2/ses-HBNsiteSI/dwi/sub-NDAREK918EC2_ses-HBNsiteSI_acq-64dir_dwi.nii.gz,,,,,,
sub-NDARDN702GXX/ses-HBNsiteSI/dwi/sub-NDARDN702GXX_ses-HBNsiteSI_acq-64dir_dwi.nii.gz,,,,,,
sub-NDARAK187ZLP/ses-HBNsiteSI/dwi/sub-NDARAK187ZLP_ses-HBNsiteSI_acq-64dir_dwi.nii.gz,,,,,,
sub-NDAREG930XPP/ses-HBNsiteCBIC/func/sub-NDAREG930XPP_ses-HBNsiteCBIC_task-movieTP_bold.nii.gz,,,,,,
sub-NDARRA719CPH/ses-HBNsiteCBIC/func/sub-NDARRA719CPH_ses-HBNsiteCBIC_task-movieTP_bold.nii.gz,,,,,,
sub-NDARZH930XTP/ses-HBNsiteCBIC/func/sub-NDARZH930XTP_ses-HBNsiteCBIC_task-movieTP_bold.nii.gz,,,,,,
sub-NDARXB286YBR/ses-HBNsiteRU/func/sub-NDARXB286YBR_ses-HBNsiteRU_task-rest_run-1_bold.nii.gz,,,,,,
sub-NDARTB003FDD/ses-HBNsiteCUNY/func/sub-NDARTB003FDD_ses-HBNsiteCUNY_task-rest_run-1_bold.nii.gz,,,,,,
sub-NDARRM725BRV/ses-HBNsiteCUNY/func/sub-NDARRM725BRV_ses-HBNsiteCUNY_task-rest_run-1_bold.nii.gz,,,,,,
sub-NDARKA946MJ1/ses-HBNsiteRU/func/sub-NDARKA946MJ1_ses-HBNsiteRU_task-rest_run-1_bold.nii.gz,,,,,,
sub-NDARET949LMU/ses-HBNsiteSI/func/sub-NDARET949LMU_ses-HBNsiteSI_task-rest_bold.nii.gz,,,,,,
sub-NDARCH868WVX/ses-HBNsiteRU/func/sub-NDARCH868WVX_ses-HBNsiteRU_task-rest_run-1_bold.nii.gz,,,,,,